post_id,parent_id,subreddit,comment_id,parent_fullname,depth,comment_author,comment_body,comment_score,created_utc,permalink,is_post_author,title,author,body,prompt,Tags,Information support,Emotional support,Esteem support,Network support,Tangible assistance,Seeking support,Group interactions
1lc7y2n,,TooAfraidToAsk,mxysa7g,t3_1lc7y2n,0,Miaous95,Definitely SA and I‚Äôd do it back to him see if he finds it funny,5,1750018747,https://www.reddit.com/r/TooAfraidToAsk/comments/1lc7y2n/is_this_considered_sexual_assault/mxysa7g/,FALSE,Is this considered sexual assault?,Beginning_Exit_6256,"So you have sex with a man with consent. You both want to have sex. You tell him that you don‚Äôt swallow semen and you‚Äôve never done that. He tells you to do it but you don‚Äôt

He then thinks it‚Äôs funny/as a joke to force some of his semen with his hand in your mouth? He forcibly does this with his hand

Is this sexual assault?

edit: he‚Äôd probably just get arrested for that. I don‚Äôt he‚Äôd go to prison for it though lol","Original Post:
Author: Beginning_Exit_6256
Title: Is this considered sexual assault?
Body: So you have sex with a man with consent. You both want to have sex. You tell him that you don‚Äôt swallow semen and you‚Äôve never done that. He tells you to do it but you don‚Äôt

He then thinks it‚Äôs funny/as a joke to force some of his semen with his hand in your mouth? He forcibly does this with his hand

Is this sexual assault?

edit: he‚Äôd probably just get arrested for that. I don‚Äôt he‚Äôd go to prison for it though lol

---
Conversation History:
Comment (depth 0):
Author: Miaous95
Content: Definitely SA and I‚Äôd do it back to him see if he finds it funny",Information support,Yes,No,No,No,No,No,No
5rf97b,,relationship_advice,dd7kbxy,t3_5rf97b,0,[deleted],"You cheated on him. You are responsible for your own actions, including the things you do drunk. ",5,1485988490,https://www.reddit.com/r/relationship_advice/comments/5rf97b/did_i_17f_cheat_on_my_boyfriend_or_was_i_sexually/dd7kbxy/,FALSE,Did I (17/f) cheat on my boyfriend or was I sexually assaulted?,ahhhhconfuse,"My boyfriend (17/m) and I had been dating for a year, and we really loved each other. There was nothing about him I disliked and I really enjoyed being in this relationship with him. 

I went to a party with a group of friends, thinking I knew a lot of people and there was parental supervision so I was in a safe space. This resulted in me drinking way more than I could handle (which is completely my fault, I didn't know my limits and I take the blame for going overboard) and can only remember small parts of the night. A guy I went to school with when I was younger was there, so we spoke and started catching up, however he made it clear he was interested in me romantically, so I told him I had a boyfriend and wasn't interested before leaving him to find my friends. I don't really remember anything else from the night. Two of my friends and I left, and we all stayed the night together at one of their homes. The next morning I woke up with the worst hangover I'd ever had, and was sick all morning. One of my friends told me that last night, she'd seen me making out with the guy I mentioned earlier. I was so shocked, especially because I genuinely had no memory of it, and I was absolutely against cheating. I asked her why she hadn't stopped me and she said that she had tried, but I didn't respond to her when she asked what I was doing. Another friend later told me that he had seen me throughout the night, lying on the ground and unable to walk or speak. 

I told my boyfriend about a month after it happened, because I was so scared of what his reaction would be. He ended up dumping me, saying that I had cheated on him and that I 'clearly just wanted attention from other guys' and all of this really nasty stuff. I explained to him that I had no memory of it, that I didn't like or want the guy who had kissed me, how much of a bad state I was in, and that I was so so sorry, but he said being drunk was just an excuse girls use when they cheat. I'm so upset, because I don't see this as me cheating on him, I see this as me being taken advantage of in a near-unconscious state. He's now gone and told his friends that I cheated on him, which has spread around my school. Is he correct in saying that I'm to blame? I know it's my fault for getting so drunk in such an unsafe environment, but can he really call what happened 'cheating'? 

tl;dr - i got blackout drunk at a party and don't remember kissing someone else. is this cheating or did I get taken advantage of?","Original Post:
Author: ahhhhconfuse
Title: Did I (17/f) cheat on my boyfriend or was I sexually assaulted?
Body: My boyfriend (17/m) and I had been dating for a year, and we really loved each other. There was nothing about him I disliked and I really enjoyed being in this relationship with him. 

I went to a party with a group of friends, thinking I knew a lot of people and there was parental supervision so I was in a safe space. This resulted in me drinking way more than I could handle (which is completely my fault, I didn't know my limits and I take the blame for going overboard) and can only remember small parts of the night. A guy I went to school with when I was younger was there, so we spoke and started catching up, however he made it clear he was interested in me romantically, so I told him I had a boyfriend and wasn't interested before leaving him to find my friends. I don't really remember anything else from the night. Two of my friends and I left, and we all stayed the night together at one of their homes. The next morning I woke up with the worst hangover I'd ever had, and was sick all morning. One of my friends told me that last night, she'd seen me making out with the guy I mentioned earlier. I was so shocked, especially because I genuinely had no memory of it, and I was absolutely against cheating. I asked her why she hadn't stopped me and she said that she had tried, but I didn't respond to her when she asked what I was doing. Another friend later told me that he had seen me throughout the night, lying on the ground and unable to walk or speak. 

I told my boyfriend about a month after it happened, because I was so scared of what his reaction would be. He ended up dumping me, saying that I had cheated on him and that I 'clearly just wanted attention from other guys' and all of this really nasty stuff. I explained to him that I had no memory of it, that I didn't like or want the guy who had kissed me, how much of a bad state I was in, and that I was so so sorry, but he said being drunk was just an excuse girls use when they cheat. I'm so upset, because I don't see this as me cheating on him, I see this as me being taken advantage of in a near-unconscious state. He's now gone and told his friends that I cheated on him, which has spread around my school. Is he correct in saying that I'm to blame? I know it's my fault for getting so drunk in such an unsafe environment, but can he really call what happened 'cheating'? 

tl;dr - i got blackout drunk at a party and don't remember kissing someone else. is this cheating or did I get taken advantage of?

---
Conversation History:
Comment (depth 0):
Author: [deleted]
Content: You cheated on him. You are responsible for your own actions, including the things you do drunk. ",Information support,Yes,No,No,No,No,No,No
1mah45l,,AmIOverreacting,n5hatmm,t3_1mah45l,0,Mamakeetus,"Not overreacting! This is absolutely SA. I‚Äôm so sorry you went through this with someone who was supposed to be a trusted adult, OP.",1,1753642811,https://www.reddit.com/r/AmIOverreacting/comments/1mah45l/am_i_overreacting_or_was_this_sa/n5hatmm/,FALSE,Am I overreacting or was this SA,Super-Bake953,"I, (at the time 9-12f) and my mom (~50) have always been very close. But there are times when she‚Äôd make me very uncomfortable‚Äî like asking to literally kiss my privates. Because ‚Äúshe‚Äôd always do that when I was a kid, why is it different now?‚Äù 

This was never a one time thing either, it even went to the point where if I asked for anything she‚Äôd say she‚Äôd only do it if I let her kiss me there. I, of course a child then, agreed although it felt weird, and frankly disgusted.
Especially when I was a bit older, 11-12, I said no many times, saying that I‚Äôm not a baby anymore and I don‚Äôt want her to do that, and offer for her to kiss my cheek, face, or anywhere else. But she‚Äôd always decline, saying it‚Äôs not the same. 

I don‚Äôt know if she meant it in a sexual manner, but it still made me feel very uncomfortable and gross.

There are also times where she‚Äôd try to get me to wear very revealing clothing, like bikinis, crop tops, booty shorts etc when I was a child. Even after I refused many times, saying I didn‚Äôt like them. But she‚Äôd tell me she won‚Äôt let me go out if I don‚Äôt wear them. (But this is quite unrelated.)

Is this SA/SH? Or was it just my mom being weird


Am I over 
reacting?","Original Post:
Author: Super-Bake953
Title: Am I overreacting or was this SA
Body: I, (at the time 9-12f) and my mom (~50) have always been very close. But there are times when she‚Äôd make me very uncomfortable‚Äî like asking to literally kiss my privates. Because ‚Äúshe‚Äôd always do that when I was a kid, why is it different now?‚Äù 

This was never a one time thing either, it even went to the point where if I asked for anything she‚Äôd say she‚Äôd only do it if I let her kiss me there. I, of course a child then, agreed although it felt weird, and frankly disgusted.
Especially when I was a bit older, 11-12, I said no many times, saying that I‚Äôm not a baby anymore and I don‚Äôt want her to do that, and offer for her to kiss my cheek, face, or anywhere else. But she‚Äôd always decline, saying it‚Äôs not the same. 

I don‚Äôt know if she meant it in a sexual manner, but it still made me feel very uncomfortable and gross.

There are also times where she‚Äôd try to get me to wear very revealing clothing, like bikinis, crop tops, booty shorts etc when I was a child. Even after I refused many times, saying I didn‚Äôt like them. But she‚Äôd tell me she won‚Äôt let me go out if I don‚Äôt wear them. (But this is quite unrelated.)

Is this SA/SH? Or was it just my mom being weird


Am I over 
reacting?

---
Conversation History:
Comment (depth 0):
Author: Mamakeetus
Content: Not overreacting! This is absolutely SA. I‚Äôm so sorry you went through this with someone who was supposed to be a trusted adult, OP.","Information support, Emotional support, Esteem support",No,Yes,No,No,No,No,No
fn0i0z,,TwoXChromosomes,fl7l0jb,t3_fn0i0z,0,feelingray,"thank you for sharing this. it has made me think about my own definition of assault. as a 43 year old cis woman who has been out of the dating pool for a loooong time, i know things are different now and i'm not confident that i know the modern definition of assault. 

but after reading your description and having an in-depth discussion with my partner, i do believe you were assaulted. in my opinion, it's the actions that happen after a person expresses a ""no"" that makes the difference. for you, the fact that he touched your vagina after you said you weren't sure (which i hear as a soft no), is assault. if he had not touched you, but still said ""are you sure,"" i think that would have not been assault. but you expressed discomfort and he responded by going farther. i think that's the behavior we need to stop. 

i'm sorry you went through this. i suspect he looked at his actions after the fact and was not happy with himself. or at least i hope so.",1,1584903926,https://www.reddit.com/r/TwoXChromosomes/comments/fn0i0z/was_i_sexually_assaulted/fl7l0jb/,FALSE,Was I sexually assaulted?,Specific-Parfait,"Earlier this semester, a guy friend of mine came up to my dorm room and we were chatting in my bed. The conversation turned somewhat sexual and we talked about things we were into. I thought nothing of it, because he had a girlfriend and we were just friends. He started scooting closer towards me throughout our conversation, and it made me slightly uncomfortable, but nothing bad. Eventually he got to a point where he put his hand on my thighs and started rubbing/massaging them. I didn‚Äôt do anything then, just kept talking, but not feeding into it in hopes he‚Äôd stop.

He kept scooting his hands closer and closer to my vagina and eventually grazed it. I said ‚ÄúI‚Äôm not sure if we should do this‚Äù. He then moved his hand directly on top of my vagina and rubbed it once or twice saying ‚Äúare you sure you don‚Äôt want this‚Äù.

I immediately moved away from him and told him no. He did stop. We continued talking for the rest of that night but haven‚Äôt spoken since. He did apologize but I‚Äôm not sure if this was sexual assault or just a misunderstanding and he stopped when I told him to stop.","Original Post:
Author: Specific-Parfait
Title: Was I sexually assaulted?
Body: Earlier this semester, a guy friend of mine came up to my dorm room and we were chatting in my bed. The conversation turned somewhat sexual and we talked about things we were into. I thought nothing of it, because he had a girlfriend and we were just friends. He started scooting closer towards me throughout our conversation, and it made me slightly uncomfortable, but nothing bad. Eventually he got to a point where he put his hand on my thighs and started rubbing/massaging them. I didn‚Äôt do anything then, just kept talking, but not feeding into it in hopes he‚Äôd stop.

He kept scooting his hands closer and closer to my vagina and eventually grazed it. I said ‚ÄúI‚Äôm not sure if we should do this‚Äù. He then moved his hand directly on top of my vagina and rubbed it once or twice saying ‚Äúare you sure you don‚Äôt want this‚Äù.

I immediately moved away from him and told him no. He did stop. We continued talking for the rest of that night but haven‚Äôt spoken since. He did apologize but I‚Äôm not sure if this was sexual assault or just a misunderstanding and he stopped when I told him to stop.

---
Conversation History:
Comment (depth 0):
Author: feelingray
Content: thank you for sharing this. it has made me think about my own definition of assault. as a 43 year old cis woman who has been out of the dating pool for a loooong time, i know things are different now and i'm not confident that i know the modern definition of assault. 

but after reading your description and having an in-depth discussion with my partner, i do believe you were assaulted. in my opinion, it's the actions that happen after a person expresses a ""no"" that makes the difference. for you, the fact that he touched your vagina after you said you weren't sure (which i hear as a soft no), is assault. if he had not touched you, but still said ""are you sure,"" i think that would have not been assault. but you expressed discomfort and he responded by going farther. i think that's the behavior we need to stop. 

i'm sorry you went through this. i suspect he looked at his actions after the fact and was not happy with himself. or at least i hope so.","Group interactions, Esteem support, Information support, Emotional support",No,Yes,No,No,No,No,No
l3tn7n,jdjssjnsnsjaamam@0,rape,gko9q5r,t1_gki29kg,1,lady_410100,No you did not ‚ù§Ô∏è,1,1611548041,https://www.reddit.com/r/rape/comments/l3tn7n/was_i_sexually_assaulted/gko9q5r/,FALSE,Was I sexually assaulted?,jdjssjnsnsjaamam,"When I was a teenager, I was at my friend‚Äôs house with her and a male friend. The male friend and I were sitting next to each other while my female friend was on the other end of the couch. The room was dark and we were watching a movie. He started to squeeze my breasts and put his hand in my pants and tried to penetrate me (I had a tampon in). I was crying and tried to move his hand away but didn‚Äôt say no because I didn‚Äôt want my friend to know what was happening. I was shocked and embarrassed. This was eight years ago and I think it was assault, but I have trouble calling it that. I still feel ashamed because I feel horrible for letting that happen in a room with my friend in it.","Original Post:
Author: jdjssjnsnsjaamam
Title: Was I sexually assaulted?
Body: When I was a teenager, I was at my friend‚Äôs house with her and a male friend. The male friend and I were sitting next to each other while my female friend was on the other end of the couch. The room was dark and we were watching a movie. He started to squeeze my breasts and put his hand in my pants and tried to penetrate me (I had a tampon in). I was crying and tried to move his hand away but didn‚Äôt say no because I didn‚Äôt want my friend to know what was happening. I was shocked and embarrassed. This was eight years ago and I think it was assault, but I have trouble calling it that. I still feel ashamed because I feel horrible for letting that happen in a room with my friend in it.

---
Conversation History:
Comment (depth 0):
Author: jdjssjnsnsjaamam
Content: So... apparently I deserved it

Comment (depth 1):
Author: lady_410100
Content: No you did not ‚ù§Ô∏è",Esteem support,No,No,Yes,No,No,No,No
1in8sve,[deleted]@4,raisedbynarcissists,mcfo3ax,t1_mcfaj6i,5,[deleted],It's creepy and unnerving,2,1739394504,https://www.reddit.com/r/raisedbynarcissists/comments/1in8sve/am_i_a_victim_of_emotional_incest/mcfo3ax/,FALSE,Am I a victim of emotional incest?,JallsInYoBaw,"- My mom always wants me to rub her feet or neck because my dad never does it.
- My mom gets upset when I don‚Äôt buy her a lot for Valentine‚Äôs Day.
- And the weirdest bit, she‚Äôs mentioned before that I should spoil her because ‚ÄúI am your woman‚Äù which sounds gross af. If I heard a woman saying her son is her man, I‚Äôd be sickened.","Original Post:
Author: JallsInYoBaw
Title: Am I a victim of emotional incest?
Body: - My mom always wants me to rub her feet or neck because my dad never does it.
- My mom gets upset when I don‚Äôt buy her a lot for Valentine‚Äôs Day.
- And the weirdest bit, she‚Äôs mentioned before that I should spoil her because ‚ÄúI am your woman‚Äù which sounds gross af. If I heard a woman saying her son is her man, I‚Äôd be sickened.

---
Conversation History:
Comment (depth 0):
Author: [deleted]
Content: [deleted]

Comment (depth 1):
Author: Leading_Silver2881
Content: Exactly... I have no strength to share my story even though I feel the need to do so. Because writing it down and  checking it over, edits... living through the shame I feel when I share is crushing. I just freez over.

Comment (depth 2):
Author: Nomomommy
Content: It's not your shame to live through. Your abuser refuses to be shamed by their terrible acts, yes, but it doesn't then fall to you to perform emotional and spiritual work on behalf of that person. It's simply not transferable to you, regardless of how it feels.

We are *not* how we've been treated. We are ourselves and you are *yourself*, nothing another person could do to you is capable of corrupting that authenticity. There's an incorruptible purity of youness, whether you feel it or not. This shame is not you, and it's not about you.

Dear friend, I want you to be free from this unnecessary burden. You already carry so much.

Comment (depth 3):
Author: [deleted]
Content: [deleted]

Comment (depth 4):
Author: [deleted]
Content: This.  They really are messed up.  They will have no qualms saying things that are so messed up and shameful.  It‚Äôs like they‚Äôre not even bothered by them.

Comment (depth 5):
Author: [deleted]
Content: It's creepy and unnerving",Esteem support,No,No,Yes,No,No,No,No
1in8sve,,raisedbynarcissists,mc9a9dj,t3_1in8sve,0,chuckling-cheese,"Emotional incest, wtf. That‚Äôs a thing?! Yeah, I mean the fact you‚Äôre even here, says it all really. I bet you even get guilt tripped for not rubbing the legs/feet right? Stop doing what YOU don‚Äôt want to do, if you can‚Äôt speak to your mum to address this then definitely someone else.",19,1739310069,https://www.reddit.com/r/raisedbynarcissists/comments/1in8sve/am_i_a_victim_of_emotional_incest/mc9a9dj/,FALSE,Am I a victim of emotional incest?,JallsInYoBaw,"- My mom always wants me to rub her feet or neck because my dad never does it.
- My mom gets upset when I don‚Äôt buy her a lot for Valentine‚Äôs Day.
- And the weirdest bit, she‚Äôs mentioned before that I should spoil her because ‚ÄúI am your woman‚Äù which sounds gross af. If I heard a woman saying her son is her man, I‚Äôd be sickened.","Original Post:
Author: JallsInYoBaw
Title: Am I a victim of emotional incest?
Body: - My mom always wants me to rub her feet or neck because my dad never does it.
- My mom gets upset when I don‚Äôt buy her a lot for Valentine‚Äôs Day.
- And the weirdest bit, she‚Äôs mentioned before that I should spoil her because ‚ÄúI am your woman‚Äù which sounds gross af. If I heard a woman saying her son is her man, I‚Äôd be sickened.

---
Conversation History:
Comment (depth 0):
Author: chuckling-cheese
Content: Emotional incest, wtf. That‚Äôs a thing?! Yeah, I mean the fact you‚Äôre even here, says it all really. I bet you even get guilt tripped for not rubbing the legs/feet right? Stop doing what YOU don‚Äôt want to do, if you can‚Äôt speak to your mum to address this then definitely someone else.","Information support, Network support, Seeking support",No,No,No,Yes,No,No,No
1poljs1,lunalovegood456@1,sexualassault,nuomvmg,t1_nulltea,2,Natural-Resist-2610,"i‚Äôm part of gen z too so i actually understand that tbh, i was watching porn at age 10 etc but i really do hope you‚Äôre able to get away from this so called ‚Äòfriend‚Äô of yours because they honestly don‚Äôt seem like a good person to be around at all especially if they‚Äôre making you uncomfortable in every way possible i wish you best of luck and hope you find the strength to get away from this person :(( just know whatever this ‚Äòfriend‚Äô made you was NOT your fault please don‚Äôt try to think of it as your fault in anyway because it‚Äôs never the victims fault as they‚Äôre a victim for a reason. i hope your friend can possibly find therapy or professional help as they seem to think what they‚Äôre doing is completely okay",1,1766065397,https://www.reddit.com/r/sexualassault/comments/1poljs1/was_this_sa_tw_minors/nuomvmg/,FALSE,Was this SA? TW Minors,lunalovegood456,"When I was 9 I was at a friends house and said friend put hair bands around my ankles and wrists too keep my legs and arms together and then put something up my shirt to have an excuse to touch me. She has in the past made comments about the size of my boobs. I didn‚Äôt consent when she touched me and was laughing and whatever because I wasn‚Äôt sure what to do and was uncomfortable with the situation.
 
We ended up having sex later which doesn‚Äôt sit right with me because I never liked her so why would I do that. To be fare, my memories are a little blurry and she might have coerced me and I have no memory of it. 

I went back to her house at a later date and she said she wanted to have sex again and I said that I didn‚Äôt want to. She proceeded to beg until I caved and went along with it. To be clear I never said yes. She then pulled me on top of her and forced me to kiss her even after I said I was uncomfortable. Later her nails were digging into me and I states that I was in pain and asked her to stop and she continued. 

The main reason for this post is that recently I‚Äôve felt that I am being dramatic. So tell me, was this SA?

Edited for grammar mistakes","Original Post:
Author: lunalovegood456
Title: Was this SA? TW Minors
Body: When I was 9 I was at a friends house and said friend put hair bands around my ankles and wrists too keep my legs and arms together and then put something up my shirt to have an excuse to touch me. She has in the past made comments about the size of my boobs. I didn‚Äôt consent when she touched me and was laughing and whatever because I wasn‚Äôt sure what to do and was uncomfortable with the situation.
 
We ended up having sex later which doesn‚Äôt sit right with me because I never liked her so why would I do that. To be fare, my memories are a little blurry and she might have coerced me and I have no memory of it. 

I went back to her house at a later date and she said she wanted to have sex again and I said that I didn‚Äôt want to. She proceeded to beg until I caved and went along with it. To be clear I never said yes. She then pulled me on top of her and forced me to kiss her even after I said I was uncomfortable. Later her nails were digging into me and I states that I was in pain and asked her to stop and she continued. 

The main reason for this post is that recently I‚Äôve felt that I am being dramatic. So tell me, was this SA?

Edited for grammar mistakes

---
Conversation History:
Comment (depth 0):
Author: Natural-Resist-2610
Content: this was definitely assault and i‚Äôm so sorry this happened to you at such a young age üôÅsaying no but then caving after they beg is NOT consent still, you stated you were clearly uncomfortable i really hope you aren‚Äôt in contact with this friend anymore, and if you don‚Äôt mind me asking why was this friend asking to have sex with you when they were 9? surely they shouldn‚Äôt have known what that was yet

Comment (depth 1):
Author: lunalovegood456
Content: I am part of Gen Z and our parents didn‚Äôt limit any of our internet access. Most of us knew what sex was by the age of 7 and a decent amount of kids were ‚Äúlosing their virginity ‚Äú around 10 years old. Sadly, I am still friends with her because we ended up at the same high school. She has been harassing me in other ways since and acts like what happened between us is a joke.

Comment (depth 2):
Author: Natural-Resist-2610
Content: i‚Äôm part of gen z too so i actually understand that tbh, i was watching porn at age 10 etc but i really do hope you‚Äôre able to get away from this so called ‚Äòfriend‚Äô of yours because they honestly don‚Äôt seem like a good person to be around at all especially if they‚Äôre making you uncomfortable in every way possible i wish you best of luck and hope you find the strength to get away from this person :(( just know whatever this ‚Äòfriend‚Äô made you was NOT your fault please don‚Äôt try to think of it as your fault in anyway because it‚Äôs never the victims fault as they‚Äôre a victim for a reason. i hope your friend can possibly find therapy or professional help as they seem to think what they‚Äôre doing is completely okay","Information support, Emotional support, Network support, Group interactions",No,No,No,Yes,No,No,No
1mtof5i,Apprehensive-Set3584@1,sexualassault,n9d5j96,t1_n9d1pkb,2,SeasonOfTheWitch666,Do u wanna chat? I can answer them instead of spamming the post!,1,1755531432,https://www.reddit.com/r/sexualassault/comments/1mtof5i/i_f18_went_on_a_date_with_a_guy_m24_and_then_got/n9d5j96/,FALSE,I (f18) went on a date with a guy (m24) and then got blackout drunk and i just found out we had sex,Apprehensive-Set3584,"So i started talking to this guy about a week ago and i went to his house yesterday to have some drinks and smoke weed (i‚Äôm not sure if we actually smoked). Before i met him i was at a bar with my friend and he knew i was already tipsy but anyways when we arrived at his house everything was fine and we sat on his balcony where i literally took 5 sips of the drink and i was gone. After those sips i have no memory whatsoever, my memory came back a little bit when i was on my way home about 3 hours later. Today when i woke up i was so scared because i literally had no memory from those 3 hours and i felt like something was wrong so i checked and i‚Äôm kinda sore down there and when i went to the bathroom i looks like sperm is still coming out of me so i‚Äôm 100% sure we had sex and i really don‚Äôt know what to do. I went into this date thinking i‚Äôm done with sex for now and i even told my friend before the date that i would never have sex with him on the first date and would like to wait a little longer for that. Anyways i wrote to him today and told him like ‚Äúhey i woke up and i‚Äôm kinda panicking because i have no memory at all, the last memory i have is on the balcony‚Äù and he hasn‚Äôt replied yet. Is this sexual assault or rape and what if i actually initiated or said yes to the sex? i don‚Äôt know how to feel right now i‚Äôm just disgusted by myself and the whole situation. Also to clarify we didn‚Äôt have enough alcohol for him to get really drunk so i don‚Äôt think he was that drunk, he could definitely tell i was out of it though because i have a video of me talking and i couldn‚Äôt even pronounce the words correctly. ","Original Post:
Author: Apprehensive-Set3584
Title: I (f18) went on a date with a guy (m24) and then got blackout drunk and i just found out we had sex
Body: So i started talking to this guy about a week ago and i went to his house yesterday to have some drinks and smoke weed (i‚Äôm not sure if we actually smoked). Before i met him i was at a bar with my friend and he knew i was already tipsy but anyways when we arrived at his house everything was fine and we sat on his balcony where i literally took 5 sips of the drink and i was gone. After those sips i have no memory whatsoever, my memory came back a little bit when i was on my way home about 3 hours later. Today when i woke up i was so scared because i literally had no memory from those 3 hours and i felt like something was wrong so i checked and i‚Äôm kinda sore down there and when i went to the bathroom i looks like sperm is still coming out of me so i‚Äôm 100% sure we had sex and i really don‚Äôt know what to do. I went into this date thinking i‚Äôm done with sex for now and i even told my friend before the date that i would never have sex with him on the first date and would like to wait a little longer for that. Anyways i wrote to him today and told him like ‚Äúhey i woke up and i‚Äôm kinda panicking because i have no memory at all, the last memory i have is on the balcony‚Äù and he hasn‚Äôt replied yet. Is this sexual assault or rape and what if i actually initiated or said yes to the sex? i don‚Äôt know how to feel right now i‚Äôm just disgusted by myself and the whole situation. Also to clarify we didn‚Äôt have enough alcohol for him to get really drunk so i don‚Äôt think he was that drunk, he could definitely tell i was out of it though because i have a video of me talking and i couldn‚Äôt even pronounce the words correctly. 

---
Conversation History:
Comment (depth 0):
Author: SeasonOfTheWitch666
Content: And babes, this is full on rape..

Comment (depth 1):
Author: Apprehensive-Set3584
Content: that‚Äôs so hard to accept i don‚Äôt know how i should react it‚Äôs just really hard and i would never think he would do that because he seemed so nice and fun to hang out with

Comment (depth 2):
Author: SeasonOfTheWitch666
Content: Do u wanna chat? I can answer them instead of spamming the post!",Tangible assistance,No,No,No,No,Yes,No,No
1lhr9kh,Popular-Honey26@1,sexualassault,mz6jr8g,t1_mz6hzmh,2,PastPie921,"Of course you were confused! It was really not okay! And I am so so glad that you could get out of this situation. If you ever need to talk more, I am here",1,1750612000,https://www.reddit.com/r/sexualassault/comments/1lhr9kh/was_this_sa/mz6jr8g/,FALSE,Was this SA?,Popular-Honey26,"Hi, I‚Äôm 18m, I was out last night for pride and it was my first proper full on night out but I ended up cutting it short. I‚Äôve been really badly sexually assaulted before and have pretty bad ptsd because of it and I‚Äôm not sure if I‚Äôm overthinking this situation as my parents say it‚Äôs to be expected in clubs. Basically I was standing beside the bathroom waiting for my friend to come out and this women called me cute and started to play with my hair, I was like okay that‚Äôs nice I just said thank you and went on my phone. Then about 15 minutes later me and my friend begin to dance, she takes my hands and starts to dance with me and I‚Äôm stood like oh okay is this like what normally goes on dancing with strangers that‚Äôs fine this is fun it‚Äôs whatever. Then like before I even realised what was happening she had both of her hands gripping my ass and she pulled me in for a kiss. I ended up leaving because I was so upset and stressed I didn‚Äôt think I gave off any indication that I wanted to kiss her or anything so I‚Äôm confused if this is just what clubbing is? 
Edit: also she was a lot older than me, like idk maybe 30s or something like that idk if that changes anything ","Original Post:
Author: Popular-Honey26
Title: Was this SA?
Body: Hi, I‚Äôm 18m, I was out last night for pride and it was my first proper full on night out but I ended up cutting it short. I‚Äôve been really badly sexually assaulted before and have pretty bad ptsd because of it and I‚Äôm not sure if I‚Äôm overthinking this situation as my parents say it‚Äôs to be expected in clubs. Basically I was standing beside the bathroom waiting for my friend to come out and this women called me cute and started to play with my hair, I was like okay that‚Äôs nice I just said thank you and went on my phone. Then about 15 minutes later me and my friend begin to dance, she takes my hands and starts to dance with me and I‚Äôm stood like oh okay is this like what normally goes on dancing with strangers that‚Äôs fine this is fun it‚Äôs whatever. Then like before I even realised what was happening she had both of her hands gripping my ass and she pulled me in for a kiss. I ended up leaving because I was so upset and stressed I didn‚Äôt think I gave off any indication that I wanted to kiss her or anything so I‚Äôm confused if this is just what clubbing is? 
Edit: also she was a lot older than me, like idk maybe 30s or something like that idk if that changes anything 

---
Conversation History:
Comment (depth 0):
Author: PastPie921
Content: I am very sorry this happened to you, and that you were assaulted before! And yes this was not okay, she did not care about your consent at all! And it dows happen a lot in clubs but that does not make it okay!

Comment (depth 1):
Author: Popular-Honey26
Content: Thank you, I did end up managing to leave and like go into my work which definitely helped I just was a bit confused at the entire situation

Comment (depth 2):
Author: PastPie921
Content: Of course you were confused! It was really not okay! And I am so so glad that you could get out of this situation. If you ever need to talk more, I am here","Information support, Emotional support, Esteem support, Tangible assistance",No,No,No,No,Yes,No,No
ktqsj3,snoogledoogle6@5,TooAfraidToAsk,gio507c,t1_gio4wgn,6,panzerkampfwagen,How are you missing my point?,1,1610211877,https://www.reddit.com/r/TooAfraidToAsk/comments/ktqsj3/am_i_a_victim_in_this_situation/gio507c/,FALSE,Am I a victim in this situation?,snoogledoogle6,"Someone in school was an overall ass to me. He would try to take and spread embarrassing photos of me, consistently poke jokes at me, touch my stuff, and overall disrespect me.


One photo of me he spread was of me looking at my crush's insta profile, and it was badly timed. My eyes were closed and mouth was open, and it looked like I was jerking off. He laughed and said the whole school saw it.

I heard that he even spread rumors about me that I actually was jerking off, and actually convinced people that I was.

One time, i was on my laptop looking at a video called ""how to get a gf"". I minimized it to look at colleges. The kid came up to me, put his fingers on my keyboard, pulled up the video, laughed at me, and told some classmates in the same room what I was watching.

One day, I even felt very sad at one point (not depressed, just sad one morning, probably because I woke up on the wrong side of the bed, not at all related to him), that I looked up suicide on my laptop. The kid took a pic of me doing so and tried to spread it around. He laughed and said a quarter of the grade saw it.

In june, I impersonated him on reddit and made some awful posts insulting some classmates, and sent that impersonation account to 7 people to try to get it to spread.

I got even with him by defaming him online, giving out his first and last name, as well as saying lies about him bullying kids with Downs Syndrome and him being a pedophile and stuff like that. I basically pretended to be him writing those things, and some of those things are popping up in the Google Search if you look up his first and last name. I first did that back in June of 2020, before doing some in October, and finally doing some in December.

I posted a pic of him and pretending to be him, called him by his name, his state, and that he was a pervert.

Also in October, I ruined his reputation by telling everybody how much of a jerk he was to me, and told everyone to stay away from him because of how awful he is.

I had just learned last week that the kid had to go to see a doctor because after I made those posts about him, he lost weight, had trouble sleeping, and lost his appetite.

A lot of people who I talked to about this, including my parents, are telling me that what I have done was far worse than what he has done to me, because I caused him ""permanent damage"", but he did not cause me ""permanent damage"". They said something about how whatever goes on the internet does not fully go away, and that I should feel sorry and move on.

The kid told me to ""stop playing victim"" because I ""have gotten more than revenge"", since I have caused him ""permanent damage"".

Some people on Reddit are even telling me that I went too far.

It's gotten to the point where even my own parents are getting fed up of talking to me about it.

But for some weird reason, I keep ruminating on all the shit he said/did to me, and I can't help but feel very good about myself for all the trauma he is going through.

Sadly, some of the posts I made about him have been removed off of Google Search, but others are still sticking on there.

As a matter of fact, in my own head, I keep thinking that what HE did was worse, and that I should've doxed him even more to even things out with him.

I know it's very opinion-based, but do you side with me or my parents/the jerk/others on Reddit?

Am I a victim in this situation?","Original Post:
Author: snoogledoogle6
Title: Am I a victim in this situation?
Body: Someone in school was an overall ass to me. He would try to take and spread embarrassing photos of me, consistently poke jokes at me, touch my stuff, and overall disrespect me.


One photo of me he spread was of me looking at my crush's insta profile, and it was badly timed. My eyes were closed and mouth was open, and it looked like I was jerking off. He laughed and said the whole school saw it.

I heard that he even spread rumors about me that I actually was jerking off, and actually convinced people that I was.

One time, i was on my laptop looking at a video called ""how to get a gf"". I minimized it to look at colleges. The kid came up to me, put his fingers on my keyboard, pulled up the video, laughed at me, and told some classmates in the same room what I was watching.

One day, I even felt very sad at one point (not depressed, just sad one morning, probably because I woke up on the wrong side of the bed, not at all related to him), that I looked up suicide on my laptop. The kid took a pic of me doing so and tried to spread it around. He laughed and said a quarter of the grade saw it.

In june, I impersonated him on reddit and made some awful posts insulting some classmates, and sent that impersonation account to 7 people to try to get it to spread.

I got even with him by defaming him online, giving out his first and last name, as well as saying lies about him bullying kids with Downs Syndrome and him being a pedophile and stuff like that. I basically pretended to be him writing those things, and some of those things are popping up in the Google Search if you look up his first and last name. I first did that back in June of 2020, before doing some in October, and finally doing some in December.

I posted a pic of him and pretending to be him, called him by his name, his state, and that he was a pervert.

Also in October, I ruined his reputation by telling everybody how much of a jerk he was to me, and told everyone to stay away from him because of how awful he is.

I had just learned last week that the kid had to go to see a doctor because after I made those posts about him, he lost weight, had trouble sleeping, and lost his appetite.

A lot of people who I talked to about this, including my parents, are telling me that what I have done was far worse than what he has done to me, because I caused him ""permanent damage"", but he did not cause me ""permanent damage"". They said something about how whatever goes on the internet does not fully go away, and that I should feel sorry and move on.

The kid told me to ""stop playing victim"" because I ""have gotten more than revenge"", since I have caused him ""permanent damage"".

Some people on Reddit are even telling me that I went too far.

It's gotten to the point where even my own parents are getting fed up of talking to me about it.

But for some weird reason, I keep ruminating on all the shit he said/did to me, and I can't help but feel very good about myself for all the trauma he is going through.

Sadly, some of the posts I made about him have been removed off of Google Search, but others are still sticking on there.

As a matter of fact, in my own head, I keep thinking that what HE did was worse, and that I should've doxed him even more to even things out with him.

I know it's very opinion-based, but do you side with me or my parents/the jerk/others on Reddit?

Am I a victim in this situation?

---
Conversation History:
Comment (depth 0):
Author: [deleted]
Content: Dude stop posting this. This is like the fourth time I‚Äôve seen this story in this sub. Accept it. You went WAY to far in your revenge.

Comment (depth 1):
Author: snoogledoogle6
Content: Ok, idk if I mentioned everything.

I had a personal Reddit account on here that he hacked into and made a dirty post on, before showing it to some classmates in the same room as me.

He also had no concern for my wellbeing and even my life.

Could I argue that the number of shitty things he did to me are more than the number of shitty things i did to him?

Comment (depth 2):
Author: [deleted]
Content: It doesn‚Äôt matter. He was an ass to you and you were an ass back. It doesn‚Äôt make you even, it just makes both of you assholes.

Comment (depth 3):
Author: snoogledoogle6
Content: But youre also saying that what ive done to him was worse than what he has done to me.

If the number of his offenses are greater than the number of mine, how is that true?

Comment (depth 4):
Author: [deleted]
Content: Your offenses were worse even if they were less numerous.

But what I‚Äôm actually saying is that it doesn‚Äôt matter. You shouldn‚Äôt be trying to get revenge. If someone has mistreated you then go to an authority figure and get him disciplined. Seek justice.

But since you settled for revenge now you are no different than the bully that bullied you.

Comment (depth 5):
Author: snoogledoogle6
Content: So basically youre saying that by doing the revenge, i became a worse bully than him?

Comment (depth 6):
Author: panzerkampfwagen
Content: How are you missing my point?",Seeking support,No,No,No,No,No,Yes,No
vg2hkt,,Advice,iczdbah,t3_vg2hkt,0,smaksandewand,"An absolute stranger asks you to cuddle and you say ""yes""?",1,1655670060,https://www.reddit.com/r/Advice/comments/vg2hkt/was_this_sa/iczdbah/,FALSE,Was this SA?,SlakeDream2,"A couple years ago, I was on a college hiking trip. At night we stopped in a cabin. There were tons of people and I talked to many people.  At night, 30 people all slept in this big room together, right next to each other.  Some guy I met briefly at dinner was next to me. He asked if I wanted to cuddle. I said yes. I thought were going to cuddle and go to sleep.

It was dark. We are spooning, and I feel his boner on my butt. I feel his hands moving. I thought he was uncomfortable at first but realized he was feeling me up. After a few mins I hear him whisper me his intentions. He whispered several more times. He keeps roaming his hands. It's hard to communicate because people are sleeping right next to us. Eventually after a few more mins he slips his hand into my panties and starts fingered me.

I was not expecting this in that situation.  People are asleep right right next to us, didn't want to wake them up. I touch his chin at one point as he is fingering me (I don't know why, I guess I just went along with it). Eventually I pull his hand off me. He whispers and asks what's up, I tell him I'm tired. He stops and we go to sleep.

I didn't know this guy's name, we literally just met.  He was a random guy.   I wasn't very attracted to him. I thought were just going to cuddle and sleep. Was this SA?  He did stop when I took his hand off. I also did touch his chin, so maybe he read that a certain way? But this bothers me because it was with basically a stranger and in a room full of people. I didn't flirt with him at all and we just met. It was cold and I thought it we were just going to cuddle and sleep.  I've been bothered by this a while. I'm also ashamed since this happened in a room full of people.","Original Post:
Author: SlakeDream2
Title: Was this SA?
Body: A couple years ago, I was on a college hiking trip. At night we stopped in a cabin. There were tons of people and I talked to many people.  At night, 30 people all slept in this big room together, right next to each other.  Some guy I met briefly at dinner was next to me. He asked if I wanted to cuddle. I said yes. I thought were going to cuddle and go to sleep.

It was dark. We are spooning, and I feel his boner on my butt. I feel his hands moving. I thought he was uncomfortable at first but realized he was feeling me up. After a few mins I hear him whisper me his intentions. He whispered several more times. He keeps roaming his hands. It's hard to communicate because people are sleeping right next to us. Eventually after a few more mins he slips his hand into my panties and starts fingered me.

I was not expecting this in that situation.  People are asleep right right next to us, didn't want to wake them up. I touch his chin at one point as he is fingering me (I don't know why, I guess I just went along with it). Eventually I pull his hand off me. He whispers and asks what's up, I tell him I'm tired. He stops and we go to sleep.

I didn't know this guy's name, we literally just met.  He was a random guy.   I wasn't very attracted to him. I thought were just going to cuddle and sleep. Was this SA?  He did stop when I took his hand off. I also did touch his chin, so maybe he read that a certain way? But this bothers me because it was with basically a stranger and in a room full of people. I didn't flirt with him at all and we just met. It was cold and I thought it we were just going to cuddle and sleep.  I've been bothered by this a while. I'm also ashamed since this happened in a room full of people.

---
Conversation History:
Comment (depth 0):
Author: smaksandewand
Content: An absolute stranger asks you to cuddle and you say ""yes""?",Seeking support,No,No,No,No,No,Yes,No
1m2zq26,,sexualassault,n3sq5hp,t3_1m2zq26,0,hornylilcunt69,oh yeah and i remember a lot of it was painful,1,1752837891,https://www.reddit.com/r/sexualassault/comments/1m2zq26/is_this_sexual_assault/n3sq5hp/,TRUE,is this sexual assault,hornylilcunt69,"okay so basically i decided to hangout with my ex. it was all fun and games until he pulled out cocaine knowing im a (well partially i still smoke) recovered addict. i also have a lot of trauma with cocaine and being drugged and raped while on coke so i explained that to him, then he assured me id be safe. so i snorted it, then he waited until after the fact to tell me that there was molly in it too. (molly was the same drug i was laced with last time i was raped, besides it was in my drink.) so i started to panic a little and he kept asking if i was ok and i just acted like i was but he knew something was wrong he said. then he came up to me and cuddled me, which i found sweet at first until he started kissing me. i allowed it because it felt like he was just trying to help. then he started touching THOSE areas and id move his hands away from them but he kept putting them on those areas again. then i felt super fucked up at this point and everything felt in slow motion but also clear and i was super like uncomfortably unvoluntarily turned on and i let him do what he wanted to me but thats all i really remember besides me having a panic attack halfway thru and him stopping only for a sexond then begging me to let him again so i said yes then i dont remember anything else besides him having to get me my pants on at the end because i was so fucked up then i fell asleep and woke up in the middle of the night and went home. im just not sure if its SA cause taking coke kind of set me up for that.","Original Post:
Author: hornylilcunt69
Title: is this sexual assault
Body: okay so basically i decided to hangout with my ex. it was all fun and games until he pulled out cocaine knowing im a (well partially i still smoke) recovered addict. i also have a lot of trauma with cocaine and being drugged and raped while on coke so i explained that to him, then he assured me id be safe. so i snorted it, then he waited until after the fact to tell me that there was molly in it too. (molly was the same drug i was laced with last time i was raped, besides it was in my drink.) so i started to panic a little and he kept asking if i was ok and i just acted like i was but he knew something was wrong he said. then he came up to me and cuddled me, which i found sweet at first until he started kissing me. i allowed it because it felt like he was just trying to help. then he started touching THOSE areas and id move his hands away from them but he kept putting them on those areas again. then i felt super fucked up at this point and everything felt in slow motion but also clear and i was super like uncomfortably unvoluntarily turned on and i let him do what he wanted to me but thats all i really remember besides me having a panic attack halfway thru and him stopping only for a sexond then begging me to let him again so i said yes then i dont remember anything else besides him having to get me my pants on at the end because i was so fucked up then i fell asleep and woke up in the middle of the night and went home. im just not sure if its SA cause taking coke kind of set me up for that.

---
Conversation History:
Comment (depth 0):
Author: hornylilcunt69
Content: oh yeah and i remember a lot of it was painful",Group interactions,No,No,No,No,No,No,Yes
3fwge1,navigatory@1,TwoXChromosomes,ctsnw43,t1_ctsnu5l,2,1BigUniverse,ok.,-2,1438802578,https://www.reddit.com/r/TwoXChromosomes/comments/3fwge1/does_this_count_as_sexual_assault/ctsnw43/,FALSE,Does this count as sexual assault?,navigatory,"Hey all, this is my first post so apologies in advance if I'm breaking any rules or doing anything incorrectly. Just let me know and I will try to fix it!

&nbsp;

About two years ago, I had sex for the first time with my boyfriend (we have since broken up). I'm a very small person and getting started was really difficult and painful, but I figured that was normal for a virgin and my body type (to give some perspective - I can only use ""light"" absorbency tampons because larger sizes cause me enough going in and out that I would rather change smaller tampons every hour). Anyways, after a while, the sex didn't get any better - it was still painful and generally unenjoyable. I wanted to stop, but I expressed my feelings pretty vaguely to my boyfriend. I think I said something like ""hey, I think I'm done for the night."" (It was a long time ago so I don't exactly remember.) My boyfriend said ""oh, okay"" but kept going. I was a bit confused and kind of shocked/upset when he kept moving, but I didn't really know what to say. In the moment, I thought it was obvious that I meant I didn't want to have sex anymore. In hindsight, I see how it might not have been clear. 

&nbsp;

I brought this up with a friend a while later, after we had broken up. She was shocked and said it was definitely sexual assault. I've never been sure and haven't really thought about it until now - I'm collaborating on an art piece that has to do with sexuality, and I thought of this. Now it's kind of bugging me because I don't know how I define this incident, but at the same time, I feel like it has a place in this particular art piece. I guess I figured a good place to start would be whether this incident could legally be defined as sexual assault. I'm also open to hearing any general opinions, suggestions, interpretations on what happened. Thanks in advance!","Original Post:
Author: navigatory
Title: Does this count as sexual assault?
Body: Hey all, this is my first post so apologies in advance if I'm breaking any rules or doing anything incorrectly. Just let me know and I will try to fix it!

&nbsp;

About two years ago, I had sex for the first time with my boyfriend (we have since broken up). I'm a very small person and getting started was really difficult and painful, but I figured that was normal for a virgin and my body type (to give some perspective - I can only use ""light"" absorbency tampons because larger sizes cause me enough going in and out that I would rather change smaller tampons every hour). Anyways, after a while, the sex didn't get any better - it was still painful and generally unenjoyable. I wanted to stop, but I expressed my feelings pretty vaguely to my boyfriend. I think I said something like ""hey, I think I'm done for the night."" (It was a long time ago so I don't exactly remember.) My boyfriend said ""oh, okay"" but kept going. I was a bit confused and kind of shocked/upset when he kept moving, but I didn't really know what to say. In the moment, I thought it was obvious that I meant I didn't want to have sex anymore. In hindsight, I see how it might not have been clear. 

&nbsp;

I brought this up with a friend a while later, after we had broken up. She was shocked and said it was definitely sexual assault. I've never been sure and haven't really thought about it until now - I'm collaborating on an art piece that has to do with sexuality, and I thought of this. Now it's kind of bugging me because I don't know how I define this incident, but at the same time, I feel like it has a place in this particular art piece. I guess I figured a good place to start would be whether this incident could legally be defined as sexual assault. I'm also open to hearing any general opinions, suggestions, interpretations on what happened. Thanks in advance!

---
Conversation History:
Comment (depth 0):
Author: FFXIV_Machinist
Content: if you had said to me ""im done"" that translates to ""i orgasamed, so you can finish up now and quit clenching to keep it in"" 

now had you said ""stop"" or ""or get off"" or anything that asserted your desire to stop, i'd have (admittedly probably begrudgingly), stopped. 

Comment (depth 1):
Author: navigatory
Content: Yeah, in the moment, I thought it was obvious that I wasn't enjoying myself (I was just lying there pretty still trying to handle the pain, didn't say anything other than that + ""ow"" in the beginning). Afterwards, I realized that what I said could probably be interpreted as ""I'm done, I orgasmed"" and I should have said something less ambiguous like ""stop"".

Comment (depth 2):
Author: 1BigUniverse
Content: ok.",Group interactions,No,No,No,No,No,No,Yes